Date,Year,Month,ProductID,QuantitySold,UnitPrice,CustomerID,Country,Sales
31-01-2021,2021,1,1046,17,73.90803475443063,10169,France,1256
30-12-2021,2021,12,1022,12,960.0273854855493,10763,Canada,11520
10-05-2020,2020,5,1078,22,480.86401810304415,10871,USA,10579
18-07-2021,2021,7,1084,17,896.3355243850225,10321,UK,15238
04-02-2021,2021,2,1013,10,325.6044259274052,10566,France,3256
31-12-2020,2020,12,1065,65,129.6074026,10455,Canada,8424
21-09-2022,2022,9,1074,22,476.96442935668284,10943,Germany,10493
10-11-2020,2020,11,1050,90,118.38685154074558,10602,Canada,10655
27-06-2022,2022,6,1037,82,488.5854254626522,10789,France,40064
02-05-2018,2018,5,1063,50,920.6956953133107,10612,France,46035
12-04-2019,2019,4,1097,14,523.1643011250417,10154,Spain,7324
23-05-2021,2021,5,1037,64,618.4172282606081,10888,Spain,39579
27-11-2018,2018,11,1049,47,160.85524478893927,10348,Canada,7560
22-01-2022,2022,1,1097,29,48.51694775056964,10450,Germany,1407
29-03-2018,2018,3,1081,76,115.25392236890801,10875,Canada,8759
28-10-2021,2021,10,1029,36,600.5389178059438,10652,France,21619
28-01-2021,2021,1,1078,99,99.53664049734314,10172,France,9854
21-05-2020,2020,5,1090,52,379.11292549160487,10009,UK,19714
15-08-2022,2022,8,1050,76,552.3414807558653,10739,Spain,41978
11-05-2018,2018,5,1062,7,391.7095346366978,10264,UK,2742
13-08-2022,2022,8,1097,29,167.8653825,10437,USA,4868
25-08-2021,2021,8,1051,11,277.422351,10759,France,3052
09-02-2020,2020,2,1037,33,928.6759451843341,10246,UK,30646
10-12-2018,2018,12,1096,6,677.6023642084236,10666,Canada,4066
24-02-2022,2022,2,1087,79,498.5675994864871,10545,Spain,39387
08-12-2021,2021,12,1078,32,17.65131553695905,10498,Spain,565
16-03-2020,2020,3,1029,51,992.4533234870229,10128,Germany,50615
21-01-2019,2019,1,1050,75,673.0976602,10671,Canada,50482
30-04-2021,2021,4,1080,58,320.3378649582202,10600,Germany,18580
13-08-2020,2020,8,1004,87,879.8723167,10604,UK,76549
04-10-2018,2018,10,1028,26,262.1394622,10326,USA,6816
30-03-2021,2021,3,1003,98,546.2964962868379,10752,Canada,53537
05-04-2019,2019,4,1009,46,637.8904099,10834,Canada,29343
30-08-2021,2021,8,1055,98,224.95805459645982,10979,Canada,22046
22-01-2018,2018,1,1016,29,978.5052924,10403,Germany,28377
10-09-2018,2018,9,1073,4,749.4509464491025,10628,UK,2998
18-01-2020,2020,1,1016,81,560.0241593835145,10605,Canada,45362
06-05-2020,2020,5,1083,99,184.69162518442437,10674,Canada,18284
04-05-2022,2022,5,1087,13,58.588915963035994,10610,Spain,762
20-04-2019,2019,4,1068,39,323.45953335837856,10624,USA,12615
18-12-2020,2020,12,1033,15,754.4213992338358,10358,Spain,11316
26-05-2019,2019,5,1005,29,272.9846418105149,10602,Spain,7917
02-09-2022,2022,9,1052,29,541.8584393930275,10857,USA,15714
08-02-2022,2022,2,1065,75,729.3074408470894,10717,UK,54698
01-12-2019,2019,12,1076,32,112.40399607323202,10016,Spain,3597
02-09-2020,2020,9,1042,2,686.871526,10273,UK,1374
12-12-2022,2022,12,1074,47,96.41153327149448,10684,Spain,4531
09-07-2018,2018,7,1022,78,965.3040934163615,10115,France,75294
15-08-2020,2020,8,1054,84,490.95215941461487,10860,USA,41240
18-11-2019,2019,11,1079,22,154.9227272,10979,Spain,3408
15-08-2020,2020,8,1094,75,345.67171785337877,10692,France,25925
17-07-2019,2019,7,1074,27,416.34936704878515,10090,Germany,11241
10-05-2022,2022,5,1015,67,759.3940860211546,10081,France,50879
21-06-2021,2021,6,1007,81,744.7066671462262,10323,Canada,60321
11-04-2020,2020,4,1003,56,613.8808028106444,10960,Spain,34377
09-03-2022,2022,3,1003,92,110.4010589957005,10113,France,10157
28-02-2021,2021,2,1055,93,155.81152472973523,10768,UK,14490
17-02-2022,2022,2,1024,21,98.28813604232884,10057,Germany,2064
09-10-2019,2019,10,1066,47,579.2869193711123,10153,Spain,27226
21-01-2018,2018,1,1095,80,877.7527493038469,10876,Canada,70220
20-04-2020,2020,4,1066,59,436.63150969349795,10403,France,25761
16-06-2018,2018,6,1026,84,165.04393308795747,10627,Germany,13864
21-07-2021,2021,7,1092,6,560.2521135232222,10854,Spain,3362
23-01-2019,2019,1,1031,19,812.6934557813813,10265,Germany,15441
24-08-2019,2019,8,1049,57,743.0035012053654,10314,Canada,42351
12-11-2018,2018,11,1060,69,882.0435257766463,10714,France,60861
14-01-2018,2018,1,1050,3,281.51258676262347,10040,Germany,845
30-08-2018,2018,8,1018,1,197.9840979,10104,Germany,198
16-02-2020,2020,2,1020,58,880.4174035,10900,USA,51064
01-10-2021,2021,10,1004,38,659.2725112141329,10889,Germany,25052
19-07-2019,2019,7,1081,15,314.3742853575164,10192,USA,4716
16-06-2020,2020,6,1091,34,743.6363103196467,10400,France,25284
25-09-2021,2021,9,1041,61,816.0427925579661,10277,Spain,49779
02-04-2018,2018,4,1060,35,616.9033491394267,10353,Spain,21592
22-10-2021,2021,10,1021,64,689.4446893305155,10748,France,44124
13-08-2020,2020,8,1020,25,378.38360492045297,10936,France,9460
18-01-2022,2022,1,1069,24,541.0021890063239,10732,UK,12984
22-12-2021,2021,12,1000,12,526.5383748725314,10579,France,6318
24-05-2019,2019,5,1004,18,848.8075521751181,10708,Germany,15279
15-02-2020,2020,2,1011,15,840.7641603807716,10255,Spain,12611
04-02-2018,2018,2,1089,80,833.517067,10650,Canada,66681
25-07-2018,2018,7,1045,27,15.976456191153465,10823,Spain,431
09-01-2021,2021,1,1033,72,750.7977570465438,10946,USA,54057
05-05-2022,2022,5,1048,60,759.8830081604498,10660,Spain,45593
12-11-2021,2021,11,1077,46,679.9869287408661,10098,UK,31279
22-10-2020,2020,10,1089,89,757.4833346019954,10587,France,67416
18-10-2020,2020,10,1044,17,842.7605196392252,10281,France,14327
14-11-2021,2021,11,1026,93,472.9674588312767,10882,Spain,43986
20-07-2019,2019,7,1072,53,504.53996242100493,10402,Canada,26741
03-02-2021,2021,2,1025,8,129.09048662683352,10108,Canada,1033
01-12-2022,2022,12,1046,79,388.4490036,10699,UK,30687
09-02-2022,2022,2,1085,27,645.1483540122254,10198,USA,17419
04-12-2019,2019,12,1055,46,781.4977772665382,10302,Spain,35949
06-02-2019,2019,2,1093,50,221.1230522027545,10326,France,11056
31-12-2019,2019,12,1062,71,142.13378466343923,10153,Spain,10091
29-04-2022,2022,4,1047,3,664.7267944779898,10551,UK,1994
11-06-2018,2018,6,1060,93,6.870484107286089,10644,Germany,639
21-07-2018,2018,7,1080,64,182.48072138579317,10404,Germany,11679
22-09-2020,2020,9,1025,44,33.92602344223397,10461,UK,1493
27-09-2018,2018,9,1035,53,171.05069226559658,10131,France,9066
26-03-2020,2020,3,1000,24,185.4126835258777,10790,UK,4450
18-07-2021,2021,7,1007,60,390.7352267766422,10873,France,23444
01-04-2019,2019,4,1098,3,405.31548906312315,10083,Canada,1216
25-01-2022,2022,1,1051,20,874.8911582571866,10398,UK,17498
17-10-2022,2022,10,1078,46,512.5591639363311,10753,France,23578
29-06-2021,2021,6,1046,15,724.7877417842249,10627,UK,10872
13-10-2020,2020,10,1055,25,108.6166711,10108,UK,2715
22-09-2022,2022,9,1085,94,229.31156168637537,10220,France,21555
23-10-2018,2018,10,1013,78,704.4287237737834,10903,France,54945
15-10-2022,2022,10,1089,71,57.53994066618545,10552,USA,4085
21-12-2019,2019,12,1027,17,489.16467393253436,10367,UK,8316
08-11-2022,2022,11,1086,84,601.3721208346192,10146,Germany,50515
04-12-2018,2018,12,1077,9,604.1349158322187,10111,UK,5437
28-05-2020,2020,5,1087,38,27.81814721170182,10614,UK,1057
12-12-2020,2020,12,1001,48,325.49746420803956,10557,France,15624
02-03-2020,2020,3,1025,60,638.3081977939082,10923,UK,38298
05-08-2018,2018,8,1013,63,153.25473746849724,10493,Spain,9655
03-02-2020,2020,2,1058,86,696.9385700864129,10504,UK,59937
07-07-2018,2018,7,1055,2,747.1955827696062,10474,Spain,1494
15-01-2019,2019,1,1006,88,982.0593444939145,10835,Germany,86421
08-05-2019,2019,5,1002,72,213.79278488212736,10889,France,15393
30-11-2020,2020,11,1022,11,826.0050143277846,10270,UK,9086
26-03-2021,2021,3,1017,64,522.6950940340607,10994,Spain,33452
15-01-2018,2018,1,1037,77,376.59528316345256,10420,Spain,28998
06-03-2018,2018,3,1098,81,126.76487353855205,10896,Spain,10268
05-06-2019,2019,6,1014,72,736.8280784550999,10706,Canada,53052
29-09-2021,2021,9,1063,21,239.67831114796866,10366,USA,5033
26-02-2021,2021,2,1088,18,374.56489186368054,10279,Germany,6742
10-10-2019,2019,10,1027,94,67.22951576288159,10282,UK,6320
04-02-2022,2022,2,1073,64,802.3600812404214,10039,Canada,51351
22-12-2020,2020,12,1038,82,767.7555813517852,10958,UK,62956
08-03-2021,2021,3,1056,95,734.9477508921009,10188,UK,69820
03-03-2022,2022,3,1016,38,302.9462929394272,10163,France,11512
16-08-2019,2019,8,1085,32,177.61267389462745,10993,France,5684
27-01-2019,2019,1,1089,11,639.3654981478786,10988,France,7033
26-08-2022,2022,8,1043,45,498.68555219265335,10535,Canada,22441
23-02-2019,2019,2,1024,89,182.36120457011836,10535,UK,16230
16-10-2018,2018,10,1016,33,687.4817146946144,10003,USA,22687
14-01-2019,2019,1,1012,41,991.1707996621972,10834,Germany,40638
02-12-2022,2022,12,1083,8,748.4834898033275,10289,France,5988
22-02-2022,2022,2,1024,11,741.2864547521838,10952,France,8154
19-08-2018,2018,8,1067,86,950.5611891659387,10432,UK,81748
14-10-2020,2020,10,1009,51,206.92168573702767,10470,UK,10553
10-02-2018,2018,2,1066,88,567.7222150968332,10180,Canada,49960
17-11-2020,2020,11,1017,41,979.7484814587141,10247,Canada,40170
15-05-2018,2018,5,1099,17,169.46764041532367,10627,France,2881
20-07-2018,2018,7,1085,76,701.7506996472985,10278,UK,53333
19-02-2020,2020,2,1033,46,587.8810952420424,10876,USA,27043
18-07-2020,2020,7,1007,32,588.5466967277634,10580,Germany,18833
22-11-2020,2020,11,1039,79,699.1822743824748,10862,UK,55235
07-12-2020,2020,12,1082,80,929.9688382613058,10253,UK,74398
18-05-2019,2019,5,1041,54,783.6690301520813,10180,Spain,42318
11-02-2019,2019,2,1040,86,60.85542289912895,10829,Canada,5234
17-05-2022,2022,5,1005,92,853.4643797763326,10680,Germany,78519
18-10-2022,2022,10,1051,20,229.41362327610395,10824,France,4588
15-03-2020,2020,3,1025,33,380.0295939126901,10508,UK,12541
09-04-2018,2018,4,1063,74,464.42414954432024,10760,France,34367
15-11-2019,2019,11,1097,40,483.5014707493043,10699,UK,19340
27-12-2019,2019,12,1058,32,438.0044973,10565,France,14016
20-04-2022,2022,4,1055,97,937.6665277447851,10325,Germany,90954
18-08-2020,2020,8,1058,2,707.4889126257044,10356,Canada,1415
29-10-2022,2022,10,1069,97,633.0147927269228,10824,Germany,61402
05-09-2019,2019,9,1032,33,54.59281764402685,10649,Spain,1802
25-01-2022,2022,1,1052,77,904.3937636090728,10679,USA,69638
05-10-2019,2019,10,1021,30,909.8432410483542,10390,Canada,27295
28-11-2022,2022,11,1020,33,781.3119981129519,10614,Germany,25783
25-10-2020,2020,10,1069,77,11.994057794551061,10933,Spain,924
26-05-2021,2021,5,1069,26,61.99384982223524,10084,USA,1612
18-05-2019,2019,5,1003,22,229.0975837571473,10316,Spain,5040
06-02-2020,2020,2,1093,66,135.69266110418218,10211,UK,8956
02-02-2019,2019,2,1074,38,401.8418495552108,10514,UK,15270
20-05-2020,2020,5,1061,90,923.0099427973507,10383,France,83071
05-03-2020,2020,3,1061,46,474.7001320260133,10690,Canada,21836
28-01-2019,2019,1,1093,15,18.33561330000478,10341,UK,275
26-07-2018,2018,7,1094,98,286.3319611308682,10814,Spain,28061
04-11-2020,2020,11,1023,44,49.37193383109673,10963,Canada,2172
27-04-2022,2022,4,1054,49,41.106184500434644,10987,UK,2014
10-06-2020,2020,6,1008,75,279.3412538300745,10843,France,20951
24-01-2022,2022,1,1002,61,279.2342769855507,10037,Germany,17033
11-09-2022,2022,9,1030,67,788.1909696,10510,France,52809
18-05-2022,2022,5,1039,6,974.9604795172064,10419,USA,5850
13-05-2020,2020,5,1035,9,374.35105842054827,10750,UK,3369
13-01-2020,2020,1,1023,6,431.7424444667334,10168,USA,2590
18-06-2021,2021,6,1094,73,845.5654891045913,10964,USA,61726
18-07-2019,2019,7,1005,95,271.79832499503584,10908,Spain,25821
17-10-2020,2020,10,1065,32,160.5998953814307,10342,Canada,5139
06-04-2018,2018,4,1083,41,853.8241752866322,10825,Spain,35007
24-10-2022,2022,10,1091,76,51.268083507865164,10305,UK,3896
30-04-2019,2019,4,1074,8,621.6009429984186,10541,USA,4973
01-12-2021,2021,12,1003,72,564.1828832294727,10701,Germany,40621
19-08-2018,2018,8,1078,50,349.1908452641858,10868,USA,17460
19-01-2020,2020,1,1005,92,318.61357349187216,10536,Germany,29312
06-08-2022,2022,8,1093,62,772.9984375507132,10111,Spain,47926
09-04-2021,2021,4,1050,84,90.99248770873375,10410,Spain,7643
25-06-2019,2019,6,1061,62,240.60038776482847,10946,Canada,14917
25-11-2020,2020,11,1056,7,733.7864881788994,10205,USA,5137
09-06-2019,2019,6,1065,75,550.5789808,10184,France,41293
29-03-2021,2021,3,1078,84,132.34826749091846,10381,Spain,11117
19-09-2022,2022,9,1074,80,882.7249362106498,10495,Spain,70618
20-06-2021,2021,6,1007,4,396.4806073307736,10378,Canada,1586
14-01-2021,2021,1,1025,6,828.7290334,10046,Germany,4972
25-12-2022,2022,12,1050,58,788.7744504500702,10885,Canada,45749
01-08-2019,2019,8,1044,22,626.3033192393694,10739,USA,13779
13-11-2019,2019,11,1043,26,497.0087256386175,10550,UK,12922
11-07-2019,2019,7,1004,3,979.6530861798481,10527,UK,2939
17-05-2022,2022,5,1069,41,149.24024701791797,10503,Germany,6119
09-10-2020,2020,10,1025,60,726.5299489133592,10021,Spain,43592
08-10-2019,2019,10,1067,14,195.23474795746506,10212,Germany,2733
06-03-2020,2020,3,1018,75,341.57178980568665,10309,Spain,25618
17-11-2020,2020,11,1083,82,312.15524965632926,10660,Spain,25597
02-07-2022,2022,7,1096,12,947.3008078000294,10967,UK,11368
29-04-2022,2022,4,1019,87,967.5193968993339,10752,Germany,84174
25-09-2021,2021,9,1011,12,187.10036701355352,10271,Canada,2245
27-12-2022,2022,12,1046,13,26.924984496016666,10570,Spain,350
16-09-2021,2021,9,1000,25,721.4079994647975,10798,France,18035
22-07-2022,2022,7,1089,45,420.89998420113193,10937,France,18940
10-03-2022,2022,3,1013,19,93.39604386212656,10201,Canada,1775
03-10-2021,2021,10,1063,55,685.3353350491573,10031,France,37693
05-02-2022,2022,2,1037,45,547.3800006193962,10442,USA,24632
08-06-2021,2021,6,1036,8,980.6142378911005,10161,Spain,7845
09-07-2018,2018,7,1010,93,231.27244838207204,10766,Canada,21508
02-06-2021,2021,6,1099,53,406.9579869449155,10253,Germany,21569
09-11-2021,2021,11,1076,55,544.8330743784458,10520,Spain,29966
01-11-2021,2021,11,1002,32,792.7414885110849,10976,Canada,25368
30-07-2021,2021,7,1032,51,551.0944634364585,10650,UK,28106
25-09-2019,2019,9,1005,44,614.8356600576394,10479,Germany,27053
20-09-2019,2019,9,1049,82,230.01631633199105,10009,UK,18861
30-08-2020,2020,8,1009,70,847.6841344,10725,Spain,59338
04-11-2022,2022,11,1004,18,431.48739423562336,10504,Germany,7767
06-07-2021,2021,7,1022,83,145.25482938416042,10784,France,12056
14-10-2021,2021,10,1009,22,665.8669749328902,10835,Canada,14649
11-12-2019,2019,12,1043,37,220.01000091938096,10559,Spain,8140
19-01-2022,2022,1,1001,96,102.07469768810324,10435,USA,9799
05-12-2021,2021,12,1012,56,862.6769738622509,10110,Germany,48310
11-10-2019,2019,10,1039,59,462.8614531659975,10152,Germany,27309
14-11-2018,2018,11,1001,3,750.5372941322976,10634,Spain,2252
28-08-2022,2022,8,1083,28,294.1346220073233,10916,Spain,8236
02-06-2021,2021,6,1064,74,788.0352842,10868,UK,58315
11-06-2021,2021,6,1062,35,116.37624738642268,10101,France,4073
15-11-2019,2019,11,1072,61,359.19350692587847,10752,UK,21911
26-10-2019,2019,10,1016,93,978.1715088836609,10832,UK,90970
29-10-2021,2021,10,1008,54,795.0197677861661,10190,France,42931
23-08-2022,2022,8,1074,63,499.76965066311476,10728,USA,31485
20-06-2022,2022,6,1014,79,343.07858420407564,10562,UK,27103
04-02-2022,2022,2,1023,97,872.7750215223641,10803,UK,84659
10-06-2021,2021,6,1037,7,547.1235202890931,10080,Germany,3830
12-09-2022,2022,9,1034,76,759.6328927797655,10488,France,57732
10-02-2021,2021,2,1093,49,755.3371419145832,10894,Canada,37012
01-03-2022,2022,3,1094,94,22.85595017564937,10087,USA,2148
18-03-2019,2019,3,1048,85,130.6225138786504,10193,USA,11103
18-07-2019,2019,7,1068,31,661.3312195627685,10103,France,20501
15-07-2021,2021,7,1061,58,165.8117122294421,10782,Spain,9617
14-03-2022,2022,3,1059,61,259.21587793232663,10095,Spain,15812
05-01-2023,2023,1,1049,24,946.9047644286092,10422,Germany,22726
10-11-2021,2021,11,1077,20,562.3813470830373,10890,Germany,11248
11-11-2021,2021,11,1074,37,751.9758594643504,10197,France,27823
10-02-2021,2021,2,1008,4,560.1908350887267,10000,Germany,2241
25-06-2022,2022,6,1033,92,554.7510467088116,10406,USA,51037
07-07-2022,2022,7,1075,20,98.68115057506941,10377,USA,1974
09-08-2020,2020,8,1098,60,346.94487664605754,10166,Canada,20817
09-01-2021,2021,1,1034,24,286.01874419307916,10508,Spain,6864
30-11-2019,2019,11,1000,50,393.7747237855452,10637,France,19689
23-04-2018,2018,4,1039,49,799.3524672832067,10312,UK,39168
02-01-2018,2018,1,1063,51,375.0730045772805,10592,Spain,19129
04-10-2019,2019,10,1021,96,454.4383351355243,10417,UK,43626
08-08-2018,2018,8,1059,36,400.3944835328899,10762,Canada,14414
09-05-2022,2022,5,1063,98,97.94093211541912,10680,Canada,9598
04-05-2020,2020,5,1092,66,443.8667974595298,10476,Germany,29295
26-10-2022,2022,10,1071,79,199.63122667929247,10072,Canada,15771
02-06-2021,2021,6,1010,34,190.78967929417627,10140,Canada,6487
20-01-2019,2019,1,1013,36,98.56592391209502,10581,UK,3548
27-11-2021,2021,11,1059,6,359.88761927105594,10261,Germany,2159
20-07-2022,2022,7,1029,39,758.6944753654702,10339,Canada,29589
27-02-2021,2021,2,1034,42,280.05948213047907,10307,Spain,11762
12-12-2020,2020,12,1084,58,315.7873564,10244,Canada,18316
04-09-2022,2022,9,1036,12,644.4612843840615,10514,Germany,7734
31-12-2019,2019,12,1004,3,199.86160852398427,10336,France,600
23-08-2022,2022,8,1082,18,897.4731407714166,10574,Germany,16155
30-09-2022,2022,9,1077,40,522.5895706352967,10560,UK,20904
10-12-2021,2021,12,1025,21,450.36492561861587,10075,France,9458
04-09-2018,2018,9,1061,15,560.0310909695554,10879,Spain,8400
15-04-2020,2020,4,1003,97,170.20414184911448,10174,USA,16510
02-01-2022,2022,1,1088,99,615.4057729459804,10108,Germany,60925
22-07-2018,2018,7,1041,26,366.2852329508404,10182,UK,9523
22-04-2021,2021,4,1088,8,897.7004092597958,10191,Spain,7182
03-05-2018,2018,5,1017,94,173.0099356442977,10064,France,16263
05-02-2019,2019,2,1039,87,509.51584834611384,10848,Spain,44328
06-02-2020,2020,2,1071,42,600.1220662221729,10962,Germany,25205
21-10-2018,2018,10,1038,44,38.21668377744932,10473,Canada,1682
07-10-2018,2018,10,1013,14,366.8746591323595,10782,Germany,5136
02-06-2020,2020,6,1031,78,733.9720585273286,10099,USA,57250
22-06-2022,2022,6,1050,2,821.2756199117284,10543,Germany,1643
17-07-2018,2018,7,1037,37,316.59618484319594,10863,France,11714
08-09-2020,2020,9,1096,69,799.6003060208375,10127,France,55172
15-03-2022,2022,3,1022,38,967.9170977178719,10451,Germany,36781
22-01-2020,2020,1,1062,41,857.5895663947186,10913,France,35161
24-05-2018,2018,5,1014,62,122.05576821852857,10368,Canada,7567
01-09-2019,2019,9,1096,60,741.0316804251129,10850,Spain,44462
09-05-2021,2021,5,1024,14,323.0684983,10042,Germany,4523
21-02-2021,2021,2,1016,89,988.4739094650162,10883,Canada,87974
06-07-2018,2018,7,1096,84,487.9321882440877,10418,Spain,40986
11-09-2021,2021,9,1065,2,126.82172886714632,10487,Spain,254
09-04-2019,2019,4,1077,70,726.5596202872538,10077,Canada,50859
04-10-2021,2021,10,1052,17,326.3961423942828,10825,UK,5549
30-11-2022,2022,11,1050,89,997.0927662962534,10800,Germany,88741
22-10-2019,2019,10,1038,28,979.8835455652493,10269,Spain,27437
03-02-2020,2020,2,1050,66,657.8533479304778,10673,Spain,43418
12-08-2020,2020,8,1069,35,134.17731670695898,10700,France,4696
07-02-2019,2019,2,1005,5,688.4266927,10758,Spain,3442
01-10-2021,2021,10,1066,65,97.56533402772708,10899,Canada,6342
15-03-2022,2022,3,1006,40,34.21733830688036,10727,Spain,1369
27-05-2018,2018,5,1050,76,823.8436539903786,10314,UK,62612
17-03-2021,2021,3,1071,56,213.70418294526294,10924,Germany,11967
13-05-2020,2020,5,1041,36,382.1319905880019,10850,Germany,13757
01-10-2022,2022,10,1063,45,973.5901030262922,10901,Spain,43812
04-05-2019,2019,5,1014,23,340.15629935179777,10888,USA,7824
17-07-2020,2020,7,1028,47,300.0073323768987,10992,USA,14100
22-07-2022,2022,7,1032,31,918.6169596246614,10944,Canada,28477
05-07-2019,2019,7,1093,11,115.19470309236333,10167,USA,1267
04-12-2018,2018,12,1026,10,760.7844980640587,10338,Canada,7608
21-05-2020,2020,5,1035,67,988.1252388195102,10192,France,66204
03-10-2019,2019,10,1028,14,901.7895307207756,10452,Canada,12625
08-12-2022,2022,12,1037,80,653.4095791128938,10282,USA,52273
18-04-2019,2019,4,1056,74,317.4904910177683,10335,Spain,23494
31-05-2018,2018,5,1096,93,258.05037127242514,10389,France,23999
09-12-2021,2021,12,1026,10,820.1588293471038,10999,USA,8202
14-08-2021,2021,8,1054,76,880.4228043819368,10524,Canada,66912
23-06-2022,2022,6,1032,94,527.8077379829643,10239,UK,49614
20-09-2018,2018,9,1067,1,248.1182410825338,10831,Germany,248
23-11-2022,2022,11,1085,5,117.3784923691177,10957,USA,587
24-05-2018,2018,5,1065,20,91.74357049267202,10482,Canada,1835
12-12-2018,2018,12,1009,8,720.4820601170863,10658,France,5764
16-09-2019,2019,9,1004,43,423.01813420848634,10715,USA,18190
13-10-2020,2020,10,1073,76,905.8330749,10591,USA,68843
15-05-2022,2022,5,1096,1,740.9729442231298,10890,Germany,741
30-05-2020,2020,5,1037,57,195.30411582501375,10554,Canada,11132
02-01-2018,2018,1,1012,64,615.7085317216205,10457,UK,39405
15-06-2020,2020,6,1030,84,438.32792712616856,10088,France,36820
20-08-2021,2021,8,1046,28,579.3634821,10659,Canada,16222
11-09-2018,2018,9,1099,37,739.3787777218246,10094,France,27357
03-08-2022,2022,8,1087,47,807.1649015987718,10451,USA,37937
29-03-2019,2019,3,1051,76,844.5186397746907,10427,Germany,64183
26-11-2020,2020,11,1055,37,257.7050001991646,10150,Germany,9535
29-03-2021,2021,3,1014,49,35.960021917770895,10513,Spain,1762
11-10-2020,2020,10,1028,44,740.5982614889493,10375,UK,32586
09-01-2018,2018,1,1007,56,110.81200762449572,10021,Germany,6205
10-06-2021,2021,6,1004,28,318.3449906699028,10882,USA,8914
27-01-2021,2021,1,1028,79,8.798048453725407,10312,UK,695
10-08-2022,2022,8,1046,6,683.261135,10996,Canada,4100
26-03-2020,2020,3,1067,61,171.29635141386515,10839,Germany,10449
27-07-2018,2018,7,1075,20,657.0059976431999,10518,UK,13140
28-02-2021,2021,2,1044,78,991.7839040819997,10205,USA,77359
08-02-2019,2019,2,1001,2,77.30751725,10951,Spain,155
01-06-2018,2018,6,1026,73,81.69262189170338,10374,France,5964
23-02-2018,2018,2,1094,37,343.67819220334155,10450,France,12716
17-02-2021,2021,2,1035,20,867.0545816800853,10625,USA,17341
24-08-2022,2022,8,1035,26,219.4522194473752,10783,USA,5706
20-09-2019,2019,9,1025,29,363.5759308306958,10594,France,10544
10-08-2019,2019,8,1042,1,73.16287959384468,10178,Spain,73
07-07-2022,2022,7,1026,35,764.3395148,10209,UK,26752
14-12-2021,2021,12,1068,70,411.26481104565386,10499,France,28789
16-12-2021,2021,12,1019,59,760.4524893955386,10463,USA,44867
14-04-2018,2018,4,1010,69,904.0898051250612,10839,Germany,62382
11-09-2018,2018,9,1073,33,236.59933136578232,10123,Canada,7808
04-06-2021,2021,6,1037,51,808.3590501882516,10992,Spain,41226
09-02-2021,2021,2,1005,78,63.79842062786201,10112,Spain,4976
25-05-2019,2019,5,1071,12,899.3531512393461,10011,Germany,10792
05-02-2022,2022,2,1022,20,652.5147048209536,10125,Germany,13050
09-04-2018,2018,4,1046,53,874.8555905176598,10564,USA,46367
02-06-2018,2018,6,1089,88,5.187457558798988,10330,France,456
02-07-2020,2020,7,1045,43,173.23566500421256,10900,UK,7449
27-05-2020,2020,5,1011,98,392.81059048935964,10282,Spain,38495
04-12-2018,2018,12,1089,89,382.6053889,10139,Spain,34052
26-09-2022,2022,9,1012,50,230.5967310088931,10400,Germany,11530
01-04-2020,2020,4,1061,29,384.7038801678641,10901,France,11156
01-04-2021,2021,4,1081,57,133.20446844025355,10096,Spain,7593
10-10-2022,2022,10,1088,39,415.6973236196959,10516,UK,16212
14-08-2020,2020,8,1096,95,803.3425575134679,10568,Germany,76318
01-09-2022,2022,9,1059,56,481.67471278783444,10923,UK,26974
10-06-2018,2018,6,1042,43,22.91008850048891,10845,France,985
23-05-2022,2022,5,1075,50,424.33682137135116,10068,Spain,21217
11-03-2020,2020,3,1099,23,32.03914101038994,10117,Canada,737
02-02-2019,2019,2,1067,44,966.4121936532642,10887,Spain,42522
24-07-2021,2021,7,1004,38,131.81668962575463,10058,France,5009
26-03-2020,2020,3,1036,84,709.1498846989656,10032,Spain,59569
08-03-2022,2022,3,1071,23,972.9124412776254,10317,Spain,22377
16-11-2021,2021,11,1091,45,826.9088564,10049,USA,37211
04-03-2021,2021,3,1030,52,700.8187982505726,10879,Spain,36443
03-05-2021,2021,5,1008,80,840.2636049532631,10488,Spain,67221
05-02-2019,2019,2,1050,50,981.8896997943245,10018,UK,49094
02-10-2019,2019,10,1028,8,623.2377748,10725,Canada,4986
22-11-2020,2020,11,1077,85,561.3888827951798,10196,UK,47718
19-11-2019,2019,11,1039,1,630.0969199,10890,UK,630
05-04-2019,2019,4,1040,8,535.0125073277472,10449,Germany,4280
12-08-2020,2020,8,1085,29,636.9136603801702,10989,USA,18470
15-04-2019,2019,4,1010,96,452.59299693269645,10558,UK,43449
30-10-2021,2021,10,1022,5,222.35096696889056,10678,France,1112
11-11-2020,2020,11,1000,86,124.64599037911725,10451,France,10720
20-01-2020,2020,1,1045,47,72.99923085459909,10288,Spain,3431
21-08-2022,2022,8,1020,34,266.99920483443407,10140,Germany,9078
07-02-2018,2018,2,1089,65,50.89294651405517,10083,USA,3308
18-08-2018,2018,8,1035,55,569.3349260197887,10693,USA,31313
20-10-2021,2021,10,1053,90,287.40930478840266,10390,Spain,25867
17-07-2019,2019,7,1086,43,825.412134,10590,France,35493
14-03-2019,2019,3,1056,74,78.86966862344451,10214,Canada,5836
05-12-2022,2022,12,1000,30,230.2197368697785,10525,Germany,6907
30-07-2021,2021,7,1062,82,731.5949163546952,10214,Spain,59991
27-01-2018,2018,1,1053,17,600.8142549015739,10402,Germany,10214
14-08-2018,2018,8,1054,26,69.16881489,10127,France,1798
24-07-2021,2021,7,1039,8,877.8532598763894,10821,France,7023
08-03-2020,2020,3,1014,47,877.8754540120486,10476,Canada,41260
21-06-2022,2022,6,1020,76,333.7559639,10759,Canada,25365
11-10-2018,2018,10,1046,91,343.7038141328169,10403,USA,31277
28-05-2020,2020,5,1072,72,989.0832166,10028,Germany,71214
17-08-2020,2020,8,1052,89,628.0452907351726,10791,Germany,55896
13-02-2022,2022,2,1008,46,533.6599379652188,10337,France,24548
29-03-2019,2019,3,1073,68,838.9614226341648,10830,USA,57049
16-10-2020,2020,10,1051,33,288.86388666552983,10713,Spain,9533
26-03-2020,2020,3,1056,1,432.0366804293751,10360,Germany,432
21-10-2019,2019,10,1025,19,271.4377921108925,10568,USA,5157
20-03-2022,2022,3,1040,31,790.2150423557878,10391,USA,24497
01-07-2019,2019,7,1034,80,575.4825989,10217,France,46039
30-04-2021,2021,4,1062,14,660.5309447893702,10573,USA,9247
08-12-2020,2020,12,1024,53,256.0457135902095,10668,Canada,13570
16-03-2022,2022,3,1089,48,224.12417487042853,10201,Canada,10758
17-01-2018,2018,1,1074,69,490.93275583802404,10016,UK,33874
10-04-2021,2021,4,1037,90,738.8779203473626,10321,France,66499
28-05-2021,2021,5,1001,62,527.6135587325593,10517,Spain,32712
07-06-2018,2018,6,1006,92,37.48244915794026,10569,UK,3448
22-04-2019,2019,4,1081,66,869.2087487886873,10324,Canada,57368
05-12-2020,2020,12,1090,64,69.36345904755592,10411,UK,4439
28-10-2021,2021,10,1033,70,956.0453613021484,10317,France,66923
02-06-2019,2019,6,1090,63,30.01624848588636,10680,France,1891
09-04-2018,2018,4,1016,73,695.9782038500553,10964,USA,50806
04-11-2022,2022,11,1042,33,86.79602839322276,10081,Germany,2864
26-11-2020,2020,11,1058,41,911.1231965379638,10473,USA,37356
07-10-2018,2018,10,1050,89,467.11107004441504,10467,France,41573
04-10-2021,2021,10,1053,48,141.8361559429303,10424,Canada,6808
12-05-2019,2019,5,1023,13,344.11162129089735,10944,Spain,4473
29-10-2018,2018,10,1024,73,169.00055197002823,10730,Canada,12337
30-06-2018,2018,6,1070,77,174.72900199930456,10688,USA,13454
30-08-2019,2019,8,1051,31,948.3677786,10203,Spain,29399
27-01-2021,2021,1,1069,75,448.0198817233642,10582,France,33601
01-12-2019,2019,12,1087,68,789.8582525858328,10386,Canada,53710
19-09-2020,2020,9,1032,98,641.4075333717934,10777,France,62858
13-02-2021,2021,2,1048,4,678.0442305267003,10097,Spain,2712
10-07-2018,2018,7,1028,19,136.03497127967833,10344,Spain,2585
10-09-2018,2018,9,1062,70,238.01352458140823,10802,Canada,16661
07-09-2020,2020,9,1021,98,787.8165834786647,10207,France,77206
16-07-2020,2020,7,1025,82,970.9123754,10513,UK,79615
30-03-2021,2021,3,1027,13,266.3622643856585,10635,France,3463
03-07-2021,2021,7,1084,23,275.21092092728463,10791,Spain,6330
08-09-2021,2021,9,1048,83,475.5326471468503,10585,France,39469
08-05-2018,2018,5,1070,75,983.9211112911606,10165,USA,73794
18-01-2018,2018,1,1080,1,272.6141510973387,10021,UK,273
22-12-2022,2022,12,1083,88,409.93705008609254,10153,Germany,36074
25-10-2022,2022,10,1048,54,892.0226155453893,10938,USA,48169
20-07-2019,2019,7,1019,71,7.906427458255197,10438,Germany,561
24-07-2019,2019,7,1085,89,44.56713516,10294,Canada,3966
08-09-2021,2021,9,1091,85,606.0513186858632,10218,Germany,51514
17-11-2019,2019,11,1062,15,907.8432638892828,10668,France,13618
21-12-2022,2022,12,1060,65,242.66237709991802,10494,Germany,15773
18-09-2019,2019,9,1048,76,472.29356580730547,10229,Spain,35894
04-08-2021,2021,8,1070,71,453.2129751495292,10019,USA,32178
03-05-2020,2020,5,1000,15,475.60648936503264,10986,USA,7134
14-08-2022,2022,8,1095,21,624.4070972510965,10552,Germany,13113
19-08-2020,2020,8,1012,19,472.39504417573033,10949,USA,8976
21-07-2022,2022,7,1093,60,450.2308006158455,10147,Spain,27014
04-06-2018,2018,6,1086,93,476.9169783291042,10107,USA,44353
05-05-2019,2019,5,1050,89,592.9131040646863,10402,Germany,52769
10-11-2021,2021,11,1055,33,539.3224509096016,10595,UK,17798
24-02-2020,2020,2,1082,49,854.8653176622518,10482,UK,41888
01-02-2021,2021,2,1061,96,54.24936922619828,10366,Canada,5208
17-11-2021,2021,11,1031,35,834.1504861156474,10833,USA,29195
09-01-2023,2023,1,1029,44,844.7049895486654,10413,Germany,37167
03-09-2018,2018,9,1028,90,288.48348142330605,10308,USA,25964
14-04-2021,2021,4,1048,11,465.53769524077137,10801,France,5121
28-11-2020,2020,11,1044,99,441.3457960947483,10917,Spain,43693
09-02-2022,2022,2,1092,72,222.41728518235965,10834,USA,16014
02-09-2022,2022,9,1029,78,399.81286285088487,10133,USA,31185
29-01-2020,2020,1,1015,74,49.16583331000016,10718,UK,3638
22-06-2019,2019,6,1039,66,281.43296241782576,10282,Spain,18575
09-07-2020,2020,7,1018,46,817.5987645734645,10777,Germany,37610
12-02-2019,2019,2,1017,9,288.13949025408306,10072,USA,2593
09-06-2019,2019,6,1000,3,819.1156354045063,10480,UK,2457
07-04-2020,2020,4,1077,85,533.9414672814087,10351,Canada,45385
10-03-2022,2022,3,1046,26,880.4633639743541,10559,Spain,22892
21-06-2020,2020,6,1065,72,576.9056564930931,10325,UK,41537
05-02-2018,2018,2,1091,48,34.51988194941612,10744,UK,1657
16-11-2019,2019,11,1093,66,677.0431065093537,10442,UK,44685
20-01-2018,2018,1,1037,70,49.629300183450816,10099,USA,3474
17-11-2018,2018,11,1050,28,453.3440338882183,10058,USA,12694
05-12-2022,2022,12,1062,93,929.7795610007485,10507,Canada,86469
27-05-2019,2019,5,1003,26,169.3779196411609,10257,France,4404
04-02-2019,2019,2,1000,25,392.9229911768364,10412,France,9823
16-10-2019,2019,10,1007,12,731.2110073,10451,France,8775
29-08-2020,2020,8,1028,5,882.8472633143733,10064,Spain,4414
16-04-2019,2019,4,1054,98,672.5882897187954,10594,Spain,65914
12-03-2021,2021,3,1002,48,261.8823879202134,10153,Canada,12570
20-01-2021,2021,1,1031,37,676.2348136516351,10984,Spain,25021
09-10-2021,2021,10,1009,79,300.24400289856953,10265,France,23719
13-04-2020,2020,4,1073,44,719.8370836696416,10820,France,31673
29-12-2022,2022,12,1082,15,954.2629619471154,10078,UK,14314
28-12-2019,2019,12,1033,43,722.7864838507568,10314,Spain,31080
03-05-2020,2020,5,1096,48,863.5661003978503,10661,USA,41451
20-02-2018,2018,2,1086,87,7.093323960003996,10946,USA,617
16-08-2022,2022,8,1054,70,718.9842641079364,10559,UK,50329
18-09-2022,2022,9,1091,46,830.4396190809241,10916,UK,38200
29-07-2019,2019,7,1031,43,45.355943856958014,10890,UK,1950
28-04-2021,2021,4,1049,21,872.2397386517895,10247,USA,18317
22-02-2021,2021,2,1006,23,260.4107571684956,10789,France,5989
30-05-2018,2018,5,1092,80,666.9656414681649,10867,UK,53357
10-11-2018,2018,11,1007,47,801.3531046282895,10609,Canada,37664
24-07-2019,2019,7,1064,15,664.3511904940586,10413,UK,9965
27-09-2021,2021,9,1056,25,96.82336811289095,10024,Germany,2421
01-11-2018,2018,11,1066,36,598.3399112660665,10283,UK,21540
12-09-2022,2022,9,1087,75,551.8357384385329,10448,USA,41388
13-11-2019,2019,11,1086,51,900.8196617339001,10880,Spain,45942
17-04-2020,2020,4,1058,15,407.21853099598815,10300,UK,6108
12-12-2022,2022,12,1071,68,324.47569160161487,10067,Spain,22064
13-12-2020,2020,12,1053,21,751.1015106142839,10006,Germany,15773
29-09-2020,2020,9,1066,13,415.6119494529797,10816,Canada,5403
20-03-2019,2019,3,1050,86,647.8656941300377,10136,Spain,55716
05-09-2019,2019,9,1096,19,648.2178396739839,10163,France,12316
19-09-2020,2020,9,1091,34,888.5988690383173,10082,UK,30212
21-09-2018,2018,9,1007,78,600.6989403075019,10896,Germany,46855
12-12-2020,2020,12,1033,68,504.64284191217695,10649,Germany,34316
15-05-2022,2022,5,1034,52,143.17696976453442,10419,Spain,7445
30-09-2020,2020,9,1095,27,120.15891864531183,10072,Canada,3244
02-07-2022,2022,7,1087,29,158.5499575,10236,USA,4598
05-01-2018,2018,1,1077,28,175.98923892045903,10045,UK,4928
31-01-2021,2021,1,1031,35,639.6877072003157,10617,Germany,22389
04-05-2021,2021,5,1045,8,742.2763440232056,10927,Canada,5938
13-02-2020,2020,2,1015,16,532.3415653117867,10799,France,8517
26-05-2020,2020,5,1067,36,829.8726438827636,10261,Germany,29875
18-09-2020,2020,9,1036,30,991.3069106,10175,Canada,29739
02-06-2020,2020,6,1053,18,820.9125659737592,10165,USA,14776
05-10-2021,2021,10,1084,2,696.4079618075793,10656,USA,1393
16-02-2018,2018,2,1013,49,534.8302359399609,10841,Germany,26207
16-05-2020,2020,5,1094,77,451.60880631633466,10369,Germany,34774
02-04-2020,2020,4,1054,4,88.97041864181963,10794,Spain,356
24-07-2020,2020,7,1047,90,402.3719046527175,10053,UK,36213
18-10-2019,2019,10,1081,89,910.5839635982236,10689,Canada,81042
26-09-2018,2018,9,1006,94,808.9825167570202,10418,Germany,76044
05-01-2019,2019,1,1073,75,219.97110818662875,10755,UK,16498
28-09-2019,2019,9,1006,7,469.27474577372976,10506,Spain,3285
03-02-2021,2021,2,1032,95,817.6395865457519,10340,UK,77676
21-08-2022,2022,8,1022,74,72.04763201159491,10126,Germany,5332
10-08-2022,2022,8,1084,39,390.4556227,10408,USA,15228
19-10-2019,2019,10,1018,13,852.5820306895779,10923,Canada,11084
30-04-2018,2018,4,1018,31,406.87837484927314,10366,Canada,12613
10-04-2020,2020,4,1035,71,82.22657150778366,10270,USA,5838
16-12-2022,2022,12,1028,63,544.8216966895902,10643,Germany,34324
16-06-2022,2022,6,1059,56,862.4337824437039,10604,Canada,48296
17-12-2020,2020,12,1081,42,592.3341152383939,10378,Germany,24878
01-10-2021,2021,10,1001,61,230.14771267316064,10072,Spain,14039
11-01-2020,2020,1,1000,42,387.3184220366944,10922,Germany,16267
06-02-2022,2022,2,1046,56,452.8727443760225,10921,UK,25361
27-04-2018,2018,4,1068,36,581.3700220514241,10914,USA,20929
01-03-2020,2020,3,1019,84,760.5542706,10247,Germany,63887
24-02-2021,2021,2,1010,68,103.37924955243223,10859,Spain,7030
17-11-2021,2021,11,1001,7,890.2037728524786,10784,France,6231
09-10-2020,2020,10,1066,54,17.248154500995213,10042,USA,931
23-07-2022,2022,7,1086,1,373.20207300088396,10376,Canada,373
17-12-2020,2020,12,1011,44,32.28320842279436,10040,UK,1420
26-09-2019,2019,9,1019,45,396.0093542185648,10169,Canada,17820
28-05-2019,2019,5,1004,47,528.1835358789572,10945,Spain,24825
10-11-2022,2022,11,1036,13,514.1229796486042,10211,Spain,6684
12-03-2020,2020,3,1037,22,169.8002053,10492,Canada,3736
24-01-2021,2021,1,1093,21,647.5118075451343,10679,USA,13598
20-07-2022,2022,7,1008,86,49.55455825214488,10038,Canada,4262
15-02-2021,2021,2,1097,92,763.0972860317534,10368,Germany,70205
14-07-2019,2019,7,1052,9,946.9112118235785,10756,Canada,8522
13-06-2022,2022,6,1043,26,343.0699830153623,10150,UK,8920
03-05-2019,2019,5,1098,9,519.6531848057602,10110,UK,4677
14-06-2021,2021,6,1085,15,382.0157266685203,10479,France,5730
15-06-2020,2020,6,1023,10,11.676838352539654,10435,UK,117
19-07-2021,2021,7,1080,88,388.94513038064036,10046,Canada,34227
27-04-2021,2021,4,1073,42,792.7616579650397,10574,UK,33296
05-12-2019,2019,12,1029,72,598.0088979725643,10736,USA,43057
10-01-2022,2022,1,1058,24,105.75361504208314,10365,UK,2538
04-08-2019,2019,8,1086,80,847.9037922453161,10068,Germany,67832
29-02-2020,2020,2,1095,49,533.4299181608167,10298,USA,26138
10-05-2020,2020,5,1080,26,842.5147449359528,10943,France,21905
04-09-2018,2018,9,1080,91,582.3204111911042,10801,Germany,52991
04-01-2021,2021,1,1013,37,561.8900026137502,10295,Canada,20790
03-06-2018,2018,6,1008,68,109.73288927102732,10202,Canada,7462
07-08-2022,2022,8,1039,50,171.52293447293482,10060,Canada,8576
29-12-2021,2021,12,1065,24,972.1651302141081,10945,Germany,23332
23-09-2020,2020,9,1024,19,232.3443130209969,10962,Germany,4415
14-01-2021,2021,1,1072,60,977.5648574,10829,Germany,58654
28-11-2019,2019,11,1021,39,534.2531429916421,10313,USA,20836
01-08-2021,2021,8,1003,74,140.11010182861745,10160,Spain,10368
28-05-2021,2021,5,1025,89,103.80569173992448,10330,USA,9239
28-12-2020,2020,12,1057,18,212.8197503522113,10527,Canada,3831
06-12-2020,2020,12,1028,19,926.0091433752091,10337,Spain,17594
05-10-2020,2020,10,1097,36,417.07947320658565,10605,UK,15015
04-04-2018,2018,4,1086,74,398.4570966529498,10303,Canada,29486
09-11-2022,2022,11,1036,97,316.6402297648232,10502,France,30714
15-08-2020,2020,8,1074,55,151.32654131375543,10649,USA,8323
08-10-2020,2020,10,1069,69,490.4119412064444,10337,Germany,33838
29-03-2019,2019,3,1017,47,134.39754359858298,10549,USA,6317
12-05-2021,2021,5,1084,49,836.3028352,10638,Germany,40979
30-06-2020,2020,6,1041,99,373.5450013439299,10274,Spain,36981
06-08-2018,2018,8,1099,98,377.9295499428874,10163,France,37037
19-04-2019,2019,4,1040,33,476.6363963407401,10442,Spain,15729
08-03-2019,2019,3,1037,21,446.90707459992285,10318,France,9385
07-12-2018,2018,12,1033,81,994.8836831940249,10588,USA,80586
05-07-2019,2019,7,1016,22,547.6542156,10503,Germany,12048
24-06-2022,2022,6,1036,48,92.76069527092133,10685,Spain,4453
05-08-2021,2021,8,1024,37,608.8429548690453,10386,France,22527
01-07-2021,2021,7,1075,15,155.82637140553055,10969,Canada,2337
24-10-2022,2022,10,1086,35,35.78295650768526,10869,Canada,1252
23-12-2018,2018,12,1085,92,970.8884429088619,10832,Spain,89322
23-01-2018,2018,1,1084,71,774.6711970768911,10887,Germany,55002
21-11-2022,2022,11,1026,32,980.2084474516981,10602,Spain,31367
06-06-2019,2019,6,1056,11,480.48905578213123,10749,USA,5285
17-11-2022,2022,11,1030,10,534.5962434932312,10775,France,5346
28-01-2021,2021,1,1005,73,172.49527113953457,10690,USA,12592
12-03-2020,2020,3,1090,78,250.67288953424764,10493,Canada,19552
18-04-2021,2021,4,1039,77,839.3564688283141,10489,France,64630
31-05-2021,2021,5,1097,57,359.4047188820062,10720,Spain,20486
01-02-2020,2020,2,1011,25,827.6808989274369,10072,USA,20692
10-08-2022,2022,8,1052,2,710.4686556655967,10508,UK,1421
18-03-2019,2019,3,1070,64,181.28507064550618,10389,Germany,11602
20-06-2022,2022,6,1009,35,509.9091342891434,10618,Germany,17847
08-02-2020,2020,2,1044,7,679.0003849111232,10856,UK,4753
12-10-2020,2020,10,1016,85,238.86202872980598,10294,Canada,20303
10-09-2021,2021,9,1025,18,831.5350679674765,10368,France,14968
31-05-2019,2019,5,1084,67,547.1035192574609,10955,Germany,36656
05-11-2020,2020,11,1091,42,169.41584019039018,10795,UK,7115
02-03-2020,2020,3,1061,39,585.0695040337795,10864,Spain,22818
02-12-2018,2018,12,1045,41,999.7152351351344,10693,UK,40988
18-11-2022,2022,11,1063,75,154.7688842050965,10548,Canada,11608
15-09-2018,2018,9,1001,24,817.6731454689304,10648,Canada,19624
12-05-2019,2019,5,1053,60,211.27245817162017,10849,USA,12676
14-06-2020,2020,6,1064,46,783.4763878127868,10567,Germany,36040
09-06-2018,2018,6,1050,19,735.9050335058062,10186,USA,13982
07-02-2022,2022,2,1052,68,303.9869386724302,10852,UK,20671
01-05-2020,2020,5,1035,90,329.1940019766276,10769,France,29627
15-08-2022,2022,8,1025,42,793.5587850031045,10444,France,33329
21-11-2019,2019,11,1028,32,464.1382843278761,10569,Canada,14852
26-08-2022,2022,8,1020,39,732.1639385682497,10362,France,28554
15-01-2019,2019,1,1010,36,152.2442266290056,10122,France,5481
18-04-2022,2022,4,1039,97,853.2949929920458,10187,France,82770
14-08-2020,2020,8,1010,36,712.3302930989075,10741,UK,25644
22-11-2019,2019,11,1035,3,907.4080947906598,10679,France,2722
21-12-2021,2021,12,1058,73,136.7105171397976,10419,Spain,9980
25-06-2022,2022,6,1038,8,595.0494278587947,10625,France,4760
15-07-2021,2021,7,1098,97,601.1249821151235,10251,France,58309
20-05-2022,2022,5,1053,70,356.69343684404856,10618,USA,24969
11-12-2021,2021,12,1097,41,461.1740924464115,10548,UK,18908
06-04-2021,2021,4,1054,68,42.791655473404205,10334,Canada,2910
02-12-2020,2020,12,1023,13,747.1307384338769,10091,USA,9713
29-04-2022,2022,4,1021,49,551.5758670061582,10529,Germany,27027
12-10-2018,2018,10,1068,60,62.452346609827906,10865,UK,3747
01-02-2019,2019,2,1055,2,682.3521134956832,10062,Spain,1365
12-01-2018,2018,1,1032,60,469.4481668,10661,UK,28167
19-06-2022,2022,6,1035,5,39.288953127875004,10511,Germany,196
18-08-2021,2021,8,1019,44,969.7596882138549,10138,Germany,42669
30-06-2021,2021,6,1082,27,949.3665823739933,10697,Germany,25633
14-05-2019,2019,5,1098,32,515.3379040664615,10184,Canada,16491
24-01-2020,2020,1,1080,21,98.20405860238064,10204,France,2062
04-02-2018,2018,2,1061,8,755.8481154905988,10771,UK,6047
28-12-2019,2019,12,1097,72,494.4714446052004,10213,France,35602
28-04-2020,2020,4,1072,50,305.9352409,10255,France,15297
31-03-2018,2018,3,1025,67,493.9610866,10134,Spain,33095
15-02-2020,2020,2,1065,44,524.8319246784372,10572,Germany,23093
28-08-2019,2019,8,1072,58,564.8981405272275,10874,Canada,32764
27-08-2020,2020,8,1072,3,444.0175950870499,10821,Spain,1332
14-06-2022,2022,6,1039,86,607.7265266233615,10087,USA,52264
18-10-2020,2020,10,1016,70,919.1410370533455,10835,Canada,64340
22-02-2019,2019,2,1000,2,365.4567466630982,10987,France,731
25-04-2018,2018,4,1088,87,727.0878809038494,10206,Canada,63257
09-09-2019,2019,9,1060,44,894.9802940401111,10128,Germany,39379
04-05-2021,2021,5,1042,2,458.69937938113725,10822,USA,917
05-04-2020,2020,4,1041,81,446.2385571999946,10002,Germany,36145
05-03-2022,2022,3,1024,35,604.1064004280056,10973,USA,21144
08-07-2022,2022,7,1038,98,593.4497256253757,10933,Spain,58158
25-02-2022,2022,2,1034,87,807.5563956146456,10753,France,70257
03-01-2021,2021,1,1002,30,479.10096685940124,10120,USA,14373
17-02-2019,2019,2,1043,8,996.1423349,10384,USA,7969
31-10-2021,2021,10,1050,22,64.17421102294438,10613,USA,1412
14-12-2021,2021,12,1093,44,8.152009338,10037,Canada,359
30-12-2019,2019,12,1097,58,641.9973200018256,10340,Spain,37236
24-07-2021,2021,7,1011,36,301.94273780006733,10924,Canada,10870
17-10-2020,2020,10,1018,69,244.18047675598638,10644,France,16848
31-01-2020,2020,1,1043,77,315.3395846042591,10713,USA,24281
07-11-2019,2019,11,1058,93,259.76732727942954,10859,Spain,24158
18-11-2021,2021,11,1048,31,35.63609941214561,10020,Spain,1105
02-04-2019,2019,4,1060,47,971.6753771786357,10241,UK,45669
08-07-2020,2020,7,1016,55,224.64176101051783,10454,France,12355
11-07-2018,2018,7,1073,80,735.3596137763598,10962,Spain,58829
09-01-2020,2020,1,1056,62,763.7834127207044,10620,USA,47355
09-09-2022,2022,9,1054,30,929.6111110171931,10302,USA,27888
27-01-2021,2021,1,1046,55,35.39670980791307,10595,Spain,1947
21-04-2022,2022,4,1011,16,872.6880967547727,10594,Canada,13963
04-09-2020,2020,9,1061,12,529.5900499356012,10802,France,6355
05-10-2020,2020,10,1079,17,634.3813894159988,10963,USA,10784
06-04-2018,2018,4,1087,16,646.2479257354285,10068,Spain,10340
15-08-2022,2022,8,1082,12,820.6988159598039,10128,USA,9848
25-10-2019,2019,10,1007,8,336.74028554831494,10195,Spain,2694
28-04-2021,2021,4,1094,84,734.3859339106934,10139,France,61688
26-10-2022,2022,10,1020,3,530.9352191735861,10443,Spain,1593
06-02-2018,2018,2,1080,16,794.4270442,10282,UK,12711
09-12-2022,2022,12,1086,30,990.5933026062828,10311,Spain,29718
24-10-2021,2021,10,1079,23,204.64776231674242,10745,Spain,4707
15-09-2022,2022,9,1069,92,994.6753983521979,10534,France,91510
29-03-2022,2022,3,1071,5,94.36309351136013,10664,Spain,472
06-10-2018,2018,10,1024,84,7.305960165289797,10276,France,614
05-08-2018,2018,8,1081,65,48.941126496942104,10060,UK,3181
16-05-2020,2020,5,1088,30,345.0734927130779,10318,France,10352
22-05-2020,2020,5,1011,21,634.741799,10889,USA,13330
27-12-2022,2022,12,1014,84,73.68439318341038,10051,France,6189
20-07-2021,2021,7,1058,70,10.637485456919434,10855,UK,745
03-03-2018,2018,3,1025,22,937.4055733165007,10152,Germany,20623
19-08-2019,2019,8,1025,82,822.8170028,10748,Spain,67471
30-12-2019,2019,12,1046,72,810.1372552833359,10310,France,58330
27-09-2021,2021,9,1031,32,885.0021541244672,10813,Spain,28320
01-02-2019,2019,2,1009,33,701.5341014082438,10543,Canada,23151
30-11-2019,2019,11,1015,16,108.88210909934104,10566,USA,1742
08-11-2020,2020,11,1070,76,402.10468713335445,10863,USA,30560
26-06-2018,2018,6,1016,38,724.5337390323064,10388,Canada,27532
24-06-2022,2022,6,1022,98,283.9327884875633,10547,Canada,27825
31-01-2019,2019,1,1025,14,688.9693323155564,10621,France,9646
21-03-2019,2019,3,1084,36,29.37595602631409,10176,Canada,1058
10-06-2021,2021,6,1085,97,309.6066541751952,10361,Germany,30032
17-03-2018,2018,3,1006,23,551.3846845957868,10313,Spain,12682
22-09-2018,2018,9,1013,66,633.9293804,10806,Spain,41839
31-03-2019,2019,3,1078,85,579.1554611396012,10847,UK,49228
25-12-2022,2022,12,1006,2,699.2674946930623,10096,Canada,1399
19-12-2019,2019,12,1008,91,11.058304498639874,10880,Canada,1006
05-01-2020,2020,1,1047,73,105.43649397763389,10212,Germany,7697
08-11-2021,2021,11,1071,65,869.5995310177493,10828,USA,56524
07-05-2022,2022,5,1058,75,683.3399008697104,10136,USA,51250
30-04-2020,2020,4,1086,67,117.36698447258125,10005,Spain,7864
10-03-2022,2022,3,1092,52,842.8640652115863,10108,Spain,43829
22-10-2021,2021,10,1081,62,246.02006173544407,10546,France,15253
24-05-2018,2018,5,1094,23,480.8685847742474,10038,Germany,11060
03-06-2020,2020,6,1093,26,149.47053032023697,10661,UK,3886
28-12-2020,2020,12,1038,68,711.5595061395982,10424,UK,48386
27-01-2021,2021,1,1098,82,668.5201489091965,10629,Germany,54819
31-01-2019,2019,1,1017,55,215.05690881030552,10260,UK,11828
14-11-2020,2020,11,1058,6,864.0837630227169,10425,USA,5185
05-08-2020,2020,8,1016,35,404.2994940986136,10086,UK,14150
09-06-2020,2020,6,1013,22,296.0525156153881,10464,UK,6513
01-02-2022,2022,2,1030,43,156.56794151721277,10075,Germany,6732
16-02-2022,2022,2,1023,15,269.83717245295975,10470,Germany,4048
08-05-2022,2022,5,1098,86,26.916786617697912,10975,UK,2315
20-03-2021,2021,3,1059,60,585.341205,10962,Canada,35120
13-03-2021,2021,3,1044,12,843.0195926122282,10413,Germany,10116
23-07-2019,2019,7,1097,49,551.2355471944336,10824,France,27011
28-11-2020,2020,11,1002,42,223.17759211425633,10894,France,9373
19-04-2018,2018,4,1036,38,38.500832322803355,10725,USA,1463
13-09-2022,2022,9,1042,82,218.55493289250882,10456,UK,17922
01-12-2020,2020,12,1039,45,419.04082093073686,10284,Canada,18857
24-04-2021,2021,4,1089,35,760.8133715562975,10238,USA,26628
23-07-2020,2020,7,1054,30,191.90363827508523,10676,UK,5757
02-02-2019,2019,2,1086,88,721.1924960879127,10598,Germany,63465
31-05-2021,2021,5,1038,30,867.5988010101242,10652,France,26028
26-09-2019,2019,9,1014,78,456.67711386781525,10671,Spain,35621
02-03-2021,2021,3,1003,6,822.3248316843803,10557,Canada,4934
01-04-2021,2021,4,1092,67,556.8840612949201,10371,Spain,37311
23-05-2021,2021,5,1085,80,638.9053828955005,10494,France,51112
03-01-2020,2020,1,1024,7,528.6470680365117,10623,Spain,3701
23-08-2018,2018,8,1012,52,465.85685316758503,10918,Germany,24225
20-10-2019,2019,10,1081,14,238.4801745669701,10044,UK,3339
21-01-2020,2020,1,1032,73,306.6780891637408,10400,Germany,22388
11-08-2019,2019,8,1015,15,293.52026834889097,10246,Spain,4403
29-10-2020,2020,10,1041,21,565.4724862990456,10615,Germany,11875
02-01-2021,2021,1,1065,35,124.35392455877047,10596,France,4352
11-08-2020,2020,8,1054,66,917.2077322488235,10449,Canada,60536
07-05-2019,2019,5,1098,91,722.0518695566977,10484,Germany,65707
01-07-2020,2020,7,1041,2,404.43840275862766,10645,France,809
30-06-2021,2021,6,1033,35,162.83102380374606,10619,Canada,5699
07-06-2021,2021,6,1029,82,882.5822088730276,10017,UK,72372
23-03-2022,2022,3,1012,78,824.6591996506594,10605,Spain,64323
12-04-2021,2021,4,1012,20,723.1129449535935,10661,UK,14462
04-08-2022,2022,8,1017,82,275.18931217418617,10757,USA,22566
06-04-2021,2021,4,1031,10,405.4344042465006,10288,France,4054
19-06-2018,2018,6,1095,25,107.23451119016124,10413,Canada,2681
17-11-2021,2021,11,1098,66,193.09432710389405,10720,Germany,12744
03-08-2020,2020,8,1038,25,784.1015541301492,10637,UK,19603
05-03-2020,2020,3,1045,54,716.4635252564304,10234,Canada,38689
26-09-2019,2019,9,1028,33,595.5183342,10415,France,19652
02-05-2021,2021,5,1061,36,896.2480923,10937,USA,32265
21-03-2022,2022,3,1092,95,585.3501852239801,10498,UK,55608
29-01-2018,2018,1,1061,14,469.63315996379265,10973,Spain,6575
03-04-2021,2021,4,1056,65,343.6688925742339,10633,Canada,22338
16-12-2021,2021,12,1015,80,940.7462632074917,10649,Spain,75260
05-12-2018,2018,12,1055,54,87.30188421673172,10114,Canada,4714
30-07-2022,2022,7,1009,52,931.2329352005044,10931,Canada,48424
28-02-2022,2022,2,1029,3,827.5810866313633,10673,France,2483
20-10-2021,2021,10,1024,99,134.2802749130228,10712,France,13294
27-09-2021,2021,9,1083,41,567.1594358868773,10233,France,23254
15-05-2019,2019,5,1004,6,867.2152418403415,10539,Germany,5203
08-08-2022,2022,8,1064,25,573.9501177891179,10010,Canada,14349
26-05-2019,2019,5,1093,13,907.6638224528192,10205,UK,11800
12-09-2021,2021,9,1048,98,943.2688977319623,10678,Spain,92440
05-08-2018,2018,8,1002,8,425.27259957338435,10246,France,3402
17-08-2021,2021,8,1044,21,380.4270931,10558,France,7989
01-03-2021,2021,3,1013,98,936.6395481993111,10757,Spain,91791
02-01-2023,2023,1,1029,68,676.7643608439197,10126,Spain,46020
29-12-2020,2020,12,1067,25,120.44256794142844,10146,Canada,3011
29-06-2021,2021,6,1017,79,47.08029047656779,10117,France,3719
09-12-2021,2021,12,1061,68,566.8059057422768,10910,Spain,38543
16-12-2022,2022,12,1036,45,930.5201106112324,10381,Germany,41873
21-03-2019,2019,3,1024,60,845.0274588937893,10411,Germany,50702
25-05-2020,2020,5,1047,12,677.4685077320147,10663,France,8130
20-04-2021,2021,4,1064,32,143.42026964663208,10583,Spain,4589
16-06-2018,2018,6,1052,96,257.9602268299521,10362,Canada,24764
01-04-2018,2018,4,1078,92,876.1336704,10508,Canada,80604
15-12-2019,2019,12,1072,13,186.89320047361596,10136,Canada,2430
04-04-2022,2022,4,1014,31,282.04721120918236,10174,USA,8743
08-02-2018,2018,2,1048,78,133.95264793946475,10288,France,10448
23-02-2021,2021,2,1087,20,677.7276902573391,10957,Canada,13555
14-01-2022,2022,1,1067,18,944.2623938363936,10480,Germany,16997
22-06-2018,2018,6,1011,93,272.62319143740905,10018,Spain,25354
15-10-2019,2019,10,1058,60,478.02957481082336,10194,UK,28682
24-01-2020,2020,1,1036,63,636.1680410126482,10329,UK,40079
28-05-2021,2021,5,1060,6,999.4689169745525,10935,Canada,5997
20-07-2022,2022,7,1042,32,109.28402467258425,10174,UK,3497
17-12-2020,2020,12,1069,93,501.0779455081806,10448,UK,46600
11-08-2022,2022,8,1038,43,388.19451930298754,10924,USA,16692
21-04-2019,2019,4,1055,2,866.4910643962434,10945,Germany,1733
01-04-2019,2019,4,1062,60,478.58789235659765,10353,Germany,28715
08-04-2020,2020,4,1045,23,115.42263696222236,10498,USA,2655
13-06-2020,2020,6,1087,83,636.2520245601507,10140,USA,52809
16-10-2021,2021,10,1010,31,771.9267151725604,10757,UK,23930
21-10-2020,2020,10,1061,5,7.866845407,10896,France,39
22-01-2019,2019,1,1076,83,859.6619019935264,10929,Spain,71352
14-12-2018,2018,12,1097,34,190.0928850056373,10092,Spain,6463
09-07-2018,2018,7,1024,10,554.3090178,10943,UK,5543
20-05-2019,2019,5,1070,89,418.71851318401286,10238,Spain,37266
29-04-2021,2021,4,1051,2,721.0555475274778,10204,USA,1442
12-03-2022,2022,3,1003,11,374.30580671181315,10559,Germany,4117
24-10-2021,2021,10,1058,50,870.4143607983023,10432,Spain,43521
03-12-2021,2021,12,1071,31,731.8438791539962,10244,UK,22687
03-04-2020,2020,4,1019,56,649.4746052076068,10831,France,36371
17-07-2020,2020,7,1092,79,797.2593926,10316,UK,62983
22-07-2020,2020,7,1062,73,755.2529197537403,10924,Canada,55133
14-02-2021,2021,2,1053,87,40.75898154694557,10294,UK,3546
14-05-2018,2018,5,1073,83,397.7606821,10639,USA,33014
27-02-2018,2018,2,1097,9,931.1532608299074,10855,Germany,8380
29-04-2022,2022,4,1056,99,130.09564764726508,10281,Germany,12879
16-11-2019,2019,11,1089,21,738.4110677,10016,Spain,15507
03-11-2019,2019,11,1040,73,974.7188523,10070,USA,71154
22-06-2018,2018,6,1002,28,56.93763589974677,10268,Canada,1594
25-03-2020,2020,3,1005,62,683.7829112234774,10324,USA,42395
18-03-2021,2021,3,1004,7,470.8133705945252,10793,UK,3296
21-03-2018,2018,3,1004,80,581.2793790978485,10304,USA,46502
04-06-2020,2020,6,1053,16,89.91462980190322,10450,USA,1439
21-05-2021,2021,5,1046,97,47.79191710760478,10006,Canada,4636
22-07-2018,2018,7,1086,4,668.5323272481671,10313,UK,2674
03-02-2020,2020,2,1048,4,824.1928826716143,10816,France,3297
06-06-2021,2021,6,1008,40,783.1052582583025,10102,France,31324
27-08-2022,2022,8,1098,17,546.0866992269061,10820,Germany,9283
04-06-2021,2021,6,1019,52,104.36748703049729,10192,Spain,5427
10-08-2022,2022,8,1060,93,689.6042216168338,10752,USA,64133
05-04-2022,2022,4,1034,52,245.6794391363752,10573,Germany,12775
04-01-2022,2022,1,1049,36,911.5133592535467,10528,Canada,32814
26-11-2021,2021,11,1081,38,839.0740327479764,10170,France,31885
16-02-2018,2018,2,1061,50,710.8360522519539,10536,USA,35542
10-06-2021,2021,6,1016,63,949.1017260519748,10250,Canada,59793
21-08-2021,2021,8,1087,63,36.264712403716565,10764,Spain,2285
30-03-2022,2022,3,1002,62,737.5194229354582,10386,Canada,45726
12-03-2021,2021,3,1031,99,333.5915654397233,10206,USA,33026
09-12-2021,2021,12,1098,7,906.5355562579334,10540,Spain,6346
17-03-2022,2022,3,1012,27,270.3418206786677,10628,Canada,7299
28-10-2021,2021,10,1088,92,726.2322168,10415,Spain,66813
09-05-2022,2022,5,1072,86,878.2587845525275,10793,USA,75530
06-07-2021,2021,7,1067,14,46.44853429076901,10379,USA,650
18-10-2019,2019,10,1013,71,400.6593416940759,10143,Spain,28447
16-04-2019,2019,4,1097,86,763.4974869,10024,UK,65661
28-08-2020,2020,8,1010,5,457.64429506004916,10821,Germany,2288
01-11-2020,2020,11,1055,55,270.9163666446273,10667,Canada,14900
15-09-2021,2021,9,1066,2,223.70632207907408,10072,Canada,447
06-01-2020,2020,1,1091,62,135.86067558179602,10631,UK,8423
23-02-2020,2020,2,1028,91,857.8439120570008,10823,UK,78064
25-08-2020,2020,8,1008,21,577.4786262352982,10832,UK,12127
24-12-2018,2018,12,1066,79,81.00302026649871,10092,France,6399
29-08-2020,2020,8,1024,21,385.66742195278226,10504,France,8099
02-12-2021,2021,12,1097,10,370.89498255108435,10597,Spain,3709
30-10-2019,2019,10,1075,87,185.83049475591568,10335,France,16167
08-01-2019,2019,1,1041,58,438.33008734482974,10424,USA,25423
28-10-2020,2020,10,1008,39,335.43886856617075,10498,Spain,13082
19-02-2021,2021,2,1078,5,345.09468696472163,10363,Canada,1725
03-10-2021,2021,10,1039,65,740.3314249990189,10946,Germany,48122
07-11-2019,2019,11,1024,13,227.14706857767032,10629,USA,2953
31-03-2018,2018,3,1004,85,643.6506590610786,10744,Canada,54710
30-07-2022,2022,7,1010,90,572.7963757615302,10198,Canada,51552
29-11-2019,2019,11,1058,85,570.2520498,10717,Spain,48471
01-09-2021,2021,9,1097,53,664.6923094110671,10412,UK,35229
16-04-2021,2021,4,1087,82,550.6401260146757,10338,UK,45152
24-06-2019,2019,6,1078,45,879.8588392721527,10658,USA,39594
02-01-2020,2020,1,1037,32,677.2021914905085,10961,UK,21670
18-05-2020,2020,5,1071,36,549.2284351145312,10936,Canada,19772
10-02-2018,2018,2,1004,81,830.6143046862067,10428,UK,67280
10-01-2020,2020,1,1047,99,608.1158321088124,10782,France,60203
24-09-2022,2022,9,1089,60,294.6885265462531,10898,UK,17681
17-05-2019,2019,5,1017,11,211.05944358568837,10138,Canada,2322
16-08-2020,2020,8,1069,63,156.5661467343654,10692,Spain,9864
14-03-2021,2021,3,1036,21,899.9579364833711,10941,USA,18899
09-05-2021,2021,5,1059,52,711.5847546390755,10541,Germany,37002
17-07-2020,2020,7,1047,55,937.6915459734992,10056,UK,51573
14-10-2022,2022,10,1076,26,605.2753466863683,10231,Canada,15737
06-04-2019,2019,4,1027,68,476.0338771,10657,Germany,32370
02-01-2020,2020,1,1068,34,64.41790652603487,10434,Germany,2190
22-01-2020,2020,1,1076,52,673.2840701382996,10383,France,35011
13-07-2020,2020,7,1080,82,584.297716,10559,Germany,47912
27-06-2020,2020,6,1039,99,990.2578491196833,10193,Spain,98036
01-05-2022,2022,5,1044,93,242.96298389333182,10735,Canada,22596
20-04-2022,2022,4,1095,52,533.0836685104017,10647,Canada,27720
30-06-2021,2021,6,1061,29,652.7025484424822,10533,UK,18928
25-01-2019,2019,1,1092,38,646.3682188686319,10517,UK,24562
06-06-2022,2022,6,1057,42,563.4870752336607,10715,UK,23666
01-06-2020,2020,6,1066,21,778.0433702755894,10750,Spain,16339
13-09-2018,2018,9,1055,42,208.95630347918234,10184,Germany,8776
10-12-2019,2019,12,1039,13,726.9990642730438,10871,Germany,9451
26-03-2019,2019,3,1097,64,621.6358985759238,10291,France,39785
10-01-2018,2018,1,1039,17,896.5947362356005,10334,Spain,15242
03-04-2020,2020,4,1090,9,847.9584668384138,10731,UK,7632
08-03-2020,2020,3,1076,41,318.5713039368905,10115,USA,13061
19-06-2021,2021,6,1032,1,279.8561383502773,10824,France,280
28-06-2021,2021,6,1005,2,981.7450572331857,10048,USA,1963
26-05-2020,2020,5,1087,60,529.6288550106802,10684,Germany,31778
25-10-2020,2020,10,1018,48,906.8888590948646,10081,France,43531
16-02-2021,2021,2,1079,29,168.0616186615798,10833,France,4874
12-10-2020,2020,10,1039,97,644.6048202261734,10332,Canada,62527
30-12-2022,2022,12,1091,10,810.8108864237832,10556,Germany,8108
09-01-2019,2019,1,1096,58,947.6582733385146,10334,Germany,54964
24-12-2020,2020,12,1058,60,340.65344031193837,10531,Spain,20439
26-05-2018,2018,5,1058,21,726.3562640744323,10959,France,15253
12-08-2018,2018,8,1047,28,541.118944,10220,Germany,15151
16-06-2021,2021,6,1040,75,65.32578143613586,10634,France,4899
26-06-2018,2018,6,1012,34,691.5497386223986,10745,Spain,23513
08-12-2022,2022,12,1044,8,691.6460754466542,10732,Spain,5533
02-05-2020,2020,5,1088,59,930.9537708223044,10322,Canada,54926
29-07-2021,2021,7,1052,86,499.82588393812756,10850,France,42985
04-03-2018,2018,3,1041,72,234.0996661069621,10002,Germany,16855
25-05-2021,2021,5,1099,49,49.341004331435755,10693,Germany,2418
06-04-2020,2020,4,1062,79,418.56397575247615,10205,France,33067
05-03-2020,2020,3,1026,17,305.4071165771143,10831,France,5192
20-11-2019,2019,11,1037,60,762.2828644937562,10039,France,45737
24-01-2022,2022,1,1059,87,357.4964260168414,10058,UK,31102
22-06-2022,2022,6,1006,88,949.3258403332698,10950,Germany,83541
15-04-2018,2018,4,1004,45,962.4986519728453,10573,Spain,43312
27-01-2021,2021,1,1044,83,622.8040472666195,10643,Germany,51693
26-05-2019,2019,5,1057,69,929.0169855798085,10506,UK,64102
20-01-2019,2019,1,1030,32,762.0500727919232,10571,France,24386
09-02-2019,2019,2,1022,44,549.1253427702505,10883,Canada,24162
02-04-2020,2020,4,1041,65,184.40639574566424,10842,France,11986
02-06-2019,2019,6,1009,87,461.30495379627075,10121,France,40134
21-04-2019,2019,4,1031,8,563.0700910458045,10478,UK,4505
10-12-2019,2019,12,1052,77,864.6417728313352,10618,Germany,66577
27-07-2022,2022,7,1029,72,483.9267096529866,10095,France,34843
10-02-2020,2020,2,1038,87,898.1862993145669,10858,Germany,78142
31-12-2021,2021,12,1030,43,675.9772341283516,10413,USA,29067
12-11-2020,2020,11,1081,1,141.31406773840303,10234,Spain,141
23-09-2020,2020,9,1099,51,995.0064624784675,10897,Germany,50745
08-05-2022,2022,5,1001,24,529.5964975,10061,Canada,12710
08-11-2019,2019,11,1077,99,394.8990049270335,10255,Spain,39095
15-12-2019,2019,12,1076,24,660.8181956471789,10560,Canada,15860
21-01-2022,2022,1,1092,17,113.34884741113387,10904,France,1927
24-03-2018,2018,3,1011,5,638.3559535195876,10347,Spain,3192
14-03-2021,2021,3,1038,20,500.7448204967766,10670,Germany,10015
13-01-2021,2021,1,1065,21,409.6406996485902,10123,Spain,8602
06-01-2021,2021,1,1095,58,953.2549210730047,10481,France,55289
02-04-2019,2019,4,1012,31,524.9270181,10316,UK,16273
01-01-2018,2018,1,1045,11,223.02189207258874,10503,Canada,2453
20-02-2018,2018,2,1026,52,461.66866198041214,10718,France,24007
16-11-2019,2019,11,1016,15,919.7904675498093,10047,UK,13797
18-12-2019,2019,12,1094,83,180.2149939739417,10408,Spain,14958
01-12-2022,2022,12,1097,7,217.88725349479571,10931,Spain,1525
09-01-2022,2022,1,1059,28,17.96441991829833,10135,France,503
25-03-2019,2019,3,1063,51,19.119099148788344,10200,Germany,975
30-05-2020,2020,5,1087,58,830.2446688,10249,Spain,48154
03-05-2019,2019,5,1034,5,733.4619938,10313,Germany,3667
29-12-2022,2022,12,1069,5,358.26585116969846,10868,Germany,1791
03-02-2018,2018,2,1082,94,699.8196014414349,10367,Germany,65783
03-10-2021,2021,10,1029,96,398.22989667842035,10428,USA,38230
05-04-2018,2018,4,1070,8,953.1323120178383,10829,UK,7625
31-12-2020,2020,12,1073,64,967.2174180189047,10806,UK,61902
24-04-2022,2022,4,1095,10,395.8298069302967,10479,Spain,3958
03-06-2018,2018,6,1097,38,854.9507968091636,10313,Spain,32488
07-09-2018,2018,9,1062,96,774.2235964889788,10499,Germany,74325
05-11-2019,2019,11,1027,92,313.4499374859304,10720,USA,28837
14-03-2019,2019,3,1059,81,235.87962975660045,10354,Germany,19106
28-04-2018,2018,4,1078,95,460.9434771408697,10484,USA,43790
10-02-2020,2020,2,1093,8,782.4420964113342,10210,Germany,6260
22-08-2021,2021,8,1036,25,960.3669458051018,10703,Canada,24009
25-09-2018,2018,9,1092,73,764.7611735222397,10043,Canada,55828
13-12-2020,2020,12,1021,66,855.9309500932782,10540,France,56491
24-08-2018,2018,8,1067,79,605.0489846,10570,Germany,47799
24-01-2019,2019,1,1019,50,836.2307916879153,10582,Spain,41812
16-09-2020,2020,9,1095,67,785.4987537134006,10091,UK,52628
24-10-2022,2022,10,1099,49,380.1006142166487,10264,France,18625
02-02-2020,2020,2,1067,36,554.2303506101175,10894,Spain,19952
05-02-2019,2019,2,1090,68,805.7293563797464,10219,Canada,54790
16-09-2019,2019,9,1063,78,50.82645051900659,10901,Germany,3964
